<annotation>
	<folder>without_mask</folder>
	<filename>without_mask-114.jpg</filename>
	<path>D:\MachineStudy\dataset_weipeng\dataset\without_mask\without_mask-114.jpg</path>
	<source>
		<database>Unknown</database>
	</source>
	<size>
		<width>224</width>
		<height>224</height>
		<depth>3</depth>
	</size>
	<segmented>0</segmented>
	<object>
		<name>without_mask</name>
		<pose>Unspecified</pose>
		<truncated>0</truncated>
		<difficult>0</difficult>
		<bndbox>
			<xmin>58</xmin>
			<ymin>107</ymin>
			<xmax>78</xmax>
			<ymax>139</ymax>
		</bndbox>
	</object>
	<object>
		<name>without_mask</name>
		<pose>Unspecified</pose>
		<truncated>0</truncated>
		<difficult>0</difficult>
		<bndbox>
			<xmin>96</xmin>
			<ymin>137</ymin>
			<xmax>111</xmax>
			<ymax>158</ymax>
		</bndbox>
	</object>
	<object>
		<name>without_mask</name>
		<pose>Unspecified</pose>
		<truncated>0</truncated>
		<difficult>0</difficult>
		<bndbox>
			<xmin>158</xmin>
			<ymin>110</ymin>
			<xmax>175</xmax>
			<ymax>136</ymax>
		</bndbox>
	</object>
</annotation>
