<annotation>
	<folder>without_mask</folder>
	<filename>without_mask-1072.jpg</filename>
	<path>D:\MachineStudy\dataset_weipeng\dataset\without_mask\without_mask-1072.jpg</path>
	<source>
		<database>Unknown</database>
	</source>
	<size>
		<width>224</width>
		<height>224</height>
		<depth>3</depth>
	</size>
	<segmented>0</segmented>
	<object>
		<name>without_mask</name>
		<pose>Unspecified</pose>
		<truncated>0</truncated>
		<difficult>0</difficult>
		<bndbox>
			<xmin>91</xmin>
			<ymin>58</ymin>
			<xmax>169</xmax>
			<ymax>149</ymax>
		</bndbox>
	</object>
	<object>
		<name>without_mask</name>
		<pose>Unspecified</pose>
		<truncated>1</truncated>
		<difficult>0</difficult>
		<bndbox>
			<xmin>184</xmin>
			<ymin>109</ymin>
			<xmax>224</xmax>
			<ymax>205</ymax>
		</bndbox>
	</object>
	<object>
		<name>without_mask</name>
		<pose>Unspecified</pose>
		<truncated>0</truncated>
		<difficult>0</difficult>
		<bndbox>
			<xmin>35</xmin>
			<ymin>42</ymin>
			<xmax>69</xmax>
			<ymax>79</ymax>
		</bndbox>
	</object>
</annotation>
