<annotation>
	<folder>without_mask</folder>
	<filename>without_mask-100.jpg</filename>
	<path>D:\MachineStudy\dataset_weipeng\dataset\without_mask\without_mask-100.jpg</path>
	<source>
		<database>Unknown</database>
	</source>
	<size>
		<width>224</width>
		<height>224</height>
		<depth>3</depth>
	</size>
	<segmented>0</segmented>
	<object>
		<name>without_mask</name>
		<pose>Unspecified</pose>
		<truncated>0</truncated>
		<difficult>0</difficult>
		<bndbox>
			<xmin>106</xmin>
			<ymin>87</ymin>
			<xmax>166</xmax>
			<ymax>147</ymax>
		</bndbox>
	</object>
	<object>
		<name>with_correct_mask</name>
		<pose>Unspecified</pose>
		<truncated>0</truncated>
		<difficult>0</difficult>
		<bndbox>
			<xmin>52</xmin>
			<ymin>43</ymin>
			<xmax>82</xmax>
			<ymax>83</ymax>
		</bndbox>
	</object>
</annotation>
