<annotation>
	<folder>without_mask</folder>
	<filename>without_mask-366.jpg</filename>
	<path>D:\MachineStudy\dataset_weipeng\dataset\without_mask\without_mask-366.jpg</path>
	<source>
		<database>Unknown</database>
	</source>
	<size>
		<width>224</width>
		<height>224</height>
		<depth>3</depth>
	</size>
	<segmented>0</segmented>
	<object>
		<name>without_mask</name>
		<pose>Unspecified</pose>
		<truncated>0</truncated>
		<difficult>0</difficult>
		<bndbox>
			<xmin>53</xmin>
			<ymin>36</ymin>
			<xmax>202</xmax>
			<ymax>195</ymax>
		</bndbox>
	</object>
</annotation>
